patrick,62,patrick@email.com
bob,87,bob@email.com
patrick,49,patrick@email.com
jennifer,84,jennifer@email.com
jane,95,jane@email.com
jimmy,78,jimmy@email.com
tammy,64,tammy@email.com
tammy,51,tammy@email.com
george,98,george@email.com
jane,40,jane@email.com
jimmy,17,jimmy@email.com
bob,84,bob@email.com
lois,3,lois@email.com
jane,98,jane@email.com
jane,30,jane@email.com
patrick,18,patrick@email.com
jimmy,71,jimmy@email.com
jimmy,90,jimmy@email.com
tammy,39,tammy@email.com
bob,93,bob@email.com
jimmy,47,jimmy@email.com
jennifer,74,jennifer@email.com
jimmy,24,jimmy@email.com
bob,89,bob@email.com
jane,21,jane@email.com
lois,17,lois@email.com
george,39,george@email.com
jennifer,35,jennifer@email.com
patrick,18,patrick@email.com
bob,66,bob@email.com
patrick,54,patrick@email.com
jimmy,40,jimmy@email.com
jimmy,23,jimmy@email.com
tammy,90,tammy@email.com
george,21,george@email.com
lois,15,lois@email.com
jimmy,5,jimmy@email.com
patrick,80,patrick@email.com
george,84,george@email.com
lois,26,lois@email.com
jennifer,11,jennifer@email.com
bob,16,bob@email.com
jimmy,94,jimmy@email.com
jane,99,jane@email.com
jane,61,jane@email.com
jane,54,jane@email.com
tammy,23,tammy@email.com
bob,54,bob@email.com
jennifer,66,jennifer@email.com
patrick,86,patrick@email.com
bob,0,bob@email.com
jane,38,jane@email.com
jane,31,jane@email.com
george,11,george@email.com
jimmy,78,jimmy@email.com
jimmy,36,jimmy@email.com
lois,78,lois@email.com
jennifer,23,jennifer@email.com
lois,13,lois@email.com
patrick,31,patrick@email.com
jennifer,85,jennifer@email.com
bob,9,bob@email.com
lois,19,lois@email.com
patrick,50,patrick@email.com
jane,79,jane@email.com
lois,69,lois@email.com
jennifer,89,jennifer@email.com
jimmy,28,jimmy@email.com
jane,17,jane@email.com
jimmy,89,jimmy@email.com
jennifer,83,jennifer@email.com
bob,46,bob@email.com
tammy,95,tammy@email.com
bob,44,bob@email.com
patrick,73,patrick@email.com
jimmy,73,jimmy@email.com
bob,96,bob@email.com
jimmy,93,jimmy@email.com
lois,63,lois@email.com
jane,61,jane@email.com
bob,22,bob@email.com
jimmy,17,jimmy@email.com
jimmy,73,jimmy@email.com
josh,15,josh@email.com
bob,52,bob@email.com
tammy,29,tammy@email.com
patrick,78,patrick@email.com
jennifer,32,jennifer@email.com
jimmy,33,jimmy@email.com
lois,39,lois@email.com
jane,50,jane@email.com
josh,96,josh@email.com
jennifer,66,jennifer@email.com
patrick,69,patrick@email.com
jennifer,29,jennifer@email.com
bob,71,bob@email.com
tammy,15,tammy@email.com
patrick,30,patrick@email.com
george,49,george@email.com
jennifer,17,jennifer@email.com
